category,tag
cosplay,Yuki亭
cosplay,Ain Nguyen
cosplay,Azami
cosplay,BamBi
cosplay,Byoru
cosplay,Ely
cosplay,G44不会受伤
cosplay,Hachi 小芭
cosplay,Hana Bunny
cosplay,Hane Ame - 雨波
cosplay,Hokunaimeko
cosplay,Kuuko
cosplay,Meenfox
cosplay,Mikomi Hokina
cosplay,Miyana咪呀
cosplay,Momoko葵葵
cosplay,Mon夢
cosplay,my suite
cosplay,Nagesa魔物喵
cosplay,rioko凉凉子
cosplay,Sally Dorasnow
cosplay,Sameki
cosplay,Shika小鹿鹿
cosplay,Shimo
cosplay,Shooting Star's(サク)
cosplay,Umeko
cosplay,wendydydydy_酱油
cosplay,yami
cosplay,yurisa
cosplay,えなこ
cosplay,けんけん
cosplay,てぃあきらワークス
cosplay,みぃこ
cosplay,一千只猫薄禾
cosplay,一小央泽
cosplay,一米八的大梨子
cosplay,三度69
cosplay,九曲
cosplay,习呆呆
cosplay,二佐
cosplay,仙九
cosplay,伊織もえ
cosplay,你的负卿
cosplay,佳佳好难啊
cosplay,千叶
cosplay,千阳
cosplay,半半子
cosplay,卜呦
cosplay,周与希
cosplay,周叽
cosplay,啾小妍
cosplay,喵小吉
cosplay,团子少女
cosplay,夏美酱
cosplay,奈汐酱Nice
cosplay,姜仁卿 강인경
cosplay,安食Ajiki
cosplay,宫本桜
cosplay,宮本彩希
cosplay,小丁(Fantasy Factory)
cosplay,小仓千代
cosplay,小木曾AYA
cosplay,少女映畫
cosplay,幼愛Youmeko
cosplay,念念_D
cosplay,怪蜀黍的乖萝莉
cosplay,抱走莫子
cosplay,星之迟迟
cosplay,木绵绵
cosplay,末夜787
cosplay,柳丸
cosplay,桜井宁宁
cosplay,桜桃喵
cosplay,桜满三时
cosplay,樱落酱
cosplay,水淼
cosplay,沖田凜花Rinka
cosplay,焖焖
cosplay,爱老师
cosplay,瓜希
cosplay,疯猫ss
cosplay,白莉爱吃巧克力
cosplay,箱猫
cosplay,绮太郎 Kitaro
cosplay,胡桃喵
cosplay,脸红dearie
cosplay,芋圆侑子
cosplay,花リリ(Plant Lily)
cosplay,花柒Hana
cosplay,花铃
cosplay,菌烨
cosplay,蜜汁猫裘
cosplay,蠢沫沫
cosplay,西园寺南歌
cosplay,起司块
cosplay,软妹摇摇乐
cosplay,过期米线线喵
cosplay,迷失人形
cosplay,铁板烧鬼舞
cosplay,阳炎型小菠萝
cosplay,阿包也是兔娘
cosplay,雨宮留菜
cosplay,雪晴
cosplay,青青子
cosplay,面饼仙儿
cosplay,韶陌陌
cosplay,鬼畜瑶
cosplay,魔太郎
cosplay,鳗鱼霏儿
cosplay,鹿野希
cosplay,黑白御猫
cosplay,齋齋いつき
